customer_id,email_opt_in
100001,false
100002,true
100003,true
100004,false
100005,true
100006,true
100007,false
100008,true
100009,true
100010,false
100011,true
100012,true
100013,false
100014,true
100015,false
100016,false
100017,false
100018,false
100019,true
100020,true
100021,true
100022,false
100023,true
100024,true
100025,true
100026,false
100027,true
100028,true
100029,true
100030,true
100031,true
100032,true
100033,false
100034,false
100035,true
100036,false
100037,false
100038,true
100039,true
100040,false
100041,true
100042,true
100043,true
100044,true
100045,true
100046,false
100047,true
100048,false
100049,true
100050,false
100051,true
100052,false
100053,true
100054,true
100055,true
100056,false
100057,true
100058,true
100059,false
100060,true
100061,true
100062,true
100063,true
100064,true
100065,true
100066,true
100067,true
100068,true
100069,false
100070,false
100071,false
100072,true
100073,true
100074,true
100075,true
100076,false
100077,false
100078,true
100079,true
100080,true
100081,true
100082,true
100083,true
100084,true
100085,true
100086,true
100087,true
100088,false
100089,true
100090,true
100091,true
100092,false
100093,true
100094,false
100095,true
100096,true
100097,true
100098,true
100099,true
100100,true
100101,false
100102,true
100103,true
100104,true
100105,true
100106,true
100107,true
100108,true
100109,false
100110,true
100111,false
100112,true
100113,false
100114,false
100115,true
100116,false
100117,true
100118,true
100119,true
100120,true
100121,true
100122,true
100123,true
100124,true
100125,true
100126,true
100127,false
100128,false
100129,true
100130,true
100131,true
100132,false
100133,false
100134,true
100135,true
100136,true
100137,true
100138,true
100139,true
100140,true
100141,false
100142,false
100143,true
100144,true
100145,true
100146,true
100147,true
100148,false
100149,true
100150,true
100151,true
100152,true
100153,true
100154,true
100155,false
100156,true
100157,true
100158,true
100159,true
100160,false
100161,true
100162,true
100163,true
100164,false
100165,true
100166,false
100167,true
100168,true
100169,true
100170,true
100171,true
100172,true
100173,true
100174,true
100175,true
100176,true
100177,false
100178,false
100179,false
100180,true
100181,false
100182,true
100183,false
100184,true
100185,true
100186,true
100187,true
100188,true
100189,true
100190,false
100191,true
100192,true
100193,false
100194,true
100195,true
100196,true
100197,false
100198,true
100199,true
100200,true
100201,false
100202,true
100203,true
100204,true
100205,true
100206,false
100207,true
100208,true
100209,true
100210,true
100211,true
100212,false
100213,true
100214,true
100215,true
100216,true
100217,true
100218,false
100219,true
100220,false
100221,true
100222,true
100223,true
100224,true
100225,true
100226,false
100227,false
100228,true
100229,true
100230,true
100231,true
100232,true
100233,true
100234,false
100235,true
100236,false
100237,true
100238,true
100239,false
100240,false
100241,true
100242,true
100243,true
100244,true
100245,true
100246,true
100247,true
100248,true
100249,true
100250,false
100251,true
100252,true
100253,true
100254,true
100255,false
100256,true
100257,true
100258,false
100259,true
100260,true
100261,false
100262,false
100263,true
100264,true
100265,true
100266,false
100267,true
100268,false
100269,true
100270,true
100271,true
100272,false
100273,true
100274,false
100275,true
100276,true
100277,true
100278,true
100279,true
100280,false
100281,true
100282,true
100283,true
100284,true
100285,true
100286,true
100287,false
100288,true
100289,false
100290,true
100291,true
100292,false
100293,false
100294,true
100295,true
100296,true
100297,false
100298,true
100299,true
100300,false
100301,true
100302,true
100303,true
100304,true
100305,true
100306,true
100307,true
100308,false
100309,true
100310,false
100311,false
100312,false
100313,true
100314,true
100315,true
100316,false
100317,false
100318,true
100319,true
100320,false
100321,true
100322,true
100323,true
100324,true
100325,false
100326,true
100327,false
100328,true
100329,true
100330,false
100331,false
100332,true
100333,true
100334,false
100335,true
100336,true
100337,true
100338,true
100339,true
100340,true
100341,false
100342,true
100343,true
100344,true
100345,true
100346,true
100347,true
100348,true
100349,true
100350,true
100351,false
100352,false
100353,true
100354,true
100355,true
100356,true
100357,false
100358,true
100359,true
100360,true
100361,true
100362,false
100363,true
100364,false
100365,true
100366,true
100367,false
100368,true
100369,true
100370,true
100371,true
100372,true
100373,false
100374,true
100375,true
100376,true
100377,true
100378,true
100379,true
100380,false
100381,false
100382,true
100383,true
100384,true
100385,false
100386,true
100387,false
100388,true
100389,true
100390,true
100391,true
100392,true
100393,true
100394,true
100395,true
100396,false
100397,true
100398,false
100399,true
100400,true
100401,true
100402,true
100403,true
100404,false
100405,true
100406,true
100407,true
100408,true
100409,false
100410,false
100411,true
100412,false
100413,false
100414,true
100415,true
100416,false
100417,false
100418,true
100419,true
100420,true
100421,true
100422,false
100423,true
100424,true
100425,false
100426,true
100427,true
100428,true
100429,false
100430,true
100431,true
100432,true
100433,false
100434,true
100435,false
100436,true
100437,true
100438,true
100439,false
100440,true
100441,false
100442,true
100443,true
100444,true
100445,true
100446,true
100447,false
100448,true
100449,false
100450,true
100451,true
100452,true
100453,true
100454,true
100455,true
100456,true
100457,false
100458,true
100459,true
100460,true
100461,true
100462,true
100463,true
100464,true
100465,true
100466,true
100467,true
100468,true
100469,true
100470,true
100471,true
100472,true
100473,false
100474,true
100475,true
100476,false
100477,true
100478,false
100479,true
100480,true
100481,false
100482,false
100483,true
100484,true
100485,true
100486,true
100487,true
100488,false
100489,true
100490,true
100491,true
100492,false
100493,false
100494,true
100495,true
100496,false
100497,false
100498,false
100499,true
100500,true
100501,true
100502,false
100503,false
100504,true
100505,true
100506,true
100507,true
100508,true
100509,true
100510,true
100511,false
100512,false
100513,true
100514,false
100515,false
100516,true
100517,false
100518,true
100519,false
100520,true
100521,false
100522,true
100523,true
100524,true
100525,true
100526,false
100527,true
100528,false
100529,true
100530,false
100531,false
100532,true
100533,true
100534,true
100535,true
100536,false
100537,true
100538,true
100539,true
100540,true
100541,true
100542,true
100543,true
100544,false
100545,true
100546,true
100547,true
100548,false
100549,true
100550,true
100551,false
100552,false
100553,true
100554,true
100555,false
100556,false
100557,true
100558,false
100559,true
100560,true
100561,false
100562,true
100563,false
100564,true
100565,true
100566,true
100567,true
100568,true
100569,false
100570,true
100571,false
100572,true
100573,false
100574,false
100575,true
100576,true
100577,true
100578,true
100579,true
100580,true
100581,true
100582,true
100583,true
100584,false
100585,false
100586,true
100587,true
100588,true
100589,true
100590,true
100591,false
100592,false
100593,false
100594,true
100595,true
100596,false
100597,true
100598,true
100599,true
100600,false
100601,true
100602,false
100603,true
100604,true
100605,true
100606,false
100607,true
100608,true
100609,true
100610,true
100611,false
100612,true
100613,false
100614,true
100615,true
100616,true
100617,false
100618,true
100619,true
100620,true
100621,true
100622,true
100623,true
100624,false
100625,false
100626,true
100627,true
100628,true
100629,true
100630,true
100631,true
100632,true
100633,true
100634,true
100635,true
100636,true
100637,false
100638,true
100639,true
100640,true
100641,true
100642,false
100643,false
100644,false
100645,true
100646,false
100647,true
100648,false
100649,false
100650,true
100651,true
100652,true
100653,false
100654,false
100655,true
100656,true
100657,true
100658,true
100659,false
100660,true
100661,false
100662,true
100663,false
100664,false
100665,true
100666,true
100667,true
100668,true
100669,false
100670,true
100671,true
100672,true
100673,true
100674,true
100675,true
100676,true
100677,true
100678,false
100679,true
100680,true
100681,true
100682,true
100683,true
100684,true
100685,false
100686,true
100687,true
100688,true
100689,false
100690,false
100691,true
100692,true
100693,true
100694,true
100695,false
100696,true
100697,true
100698,true
100699,false
100700,true
100701,true
100702,false
100703,true
100704,false
100705,false
100706,true
100707,false
100708,true
100709,false
100710,true
100711,true
100712,true
100713,true
100714,true
100715,true
100716,true
100717,true
100718,false
100719,true
100720,false
100721,false
100722,true
100723,true
100724,true
100725,true
100726,true
100727,true
100728,true
100729,true
100730,true
100731,true
100732,true
100733,true
100734,true
100735,true
100736,true
100737,false
100738,true
100739,false
100740,false
100741,false
100742,true
100743,true
100744,false
100745,true
100746,true
100747,true
100748,true
100749,true
100750,false
100751,true
100752,true
100753,true
100754,false
100755,true
100756,true
100757,true
100758,false
100759,true
100760,true
100761,true
100762,true
100763,true
100764,true
100765,true
100766,true
100767,false
100768,true
100769,true
100770,true
100771,true
100772,true
100773,true
100774,false
100775,false
100776,true
100777,true
100778,true
100779,false
100780,true
100781,true
100782,false
100783,false
100784,false
100785,true
100786,false
100787,false
100788,true
100789,true
100790,true
100791,false
100792,true
100793,false
100794,true
100795,true
100796,true
100797,false
100798,true
100799,true
100800,true
100801,false
100802,true
100803,true
100804,true
100805,true
100806,true
100807,true
100808,true
100809,false
100810,true
100811,true
100812,true
100813,true
100814,true
100815,false
100816,true
100817,false
100818,true
100819,true
100820,true
100821,true
100822,true
100823,true
100824,true
100825,false
100826,false
100827,true
100828,true
100829,true
100830,true
100831,false
100832,true
100833,true
100834,true
100835,true
100836,false
100837,false
100838,true
100839,true
100840,false
100841,true
100842,false
100843,true
100844,true
100845,false
100846,true
100847,true
100848,true
100849,true
100850,false
100851,true
100852,true
100853,false
100854,true
100855,false
100856,true
100857,true
100858,true
100859,true
100860,false
100861,false
100862,false
100863,true
100864,true
100865,true
100866,true
100867,false
100868,false
100869,true
100870,false
100871,true
100872,false
100873,false
100874,true
100875,false
100876,true
100877,false
100878,true
100879,false
100880,true
100881,true
100882,true
100883,true
100884,false
100885,true
100886,true
100887,false
100888,true
100889,false
100890,false
100891,true
100892,false
100893,true
100894,true
100895,true
100896,true
100897,false
100898,false
100899,true
100900,true
100901,false
100902,true
100903,false
100904,false
100905,false
100906,true
100907,true
100908,true
100909,true
100910,false
100911,true
100912,true
100913,true
100914,false
100915,false
100916,true
100917,true
100918,true
100919,true
100920,true
100921,true
100922,true
100923,true
100924,true
100925,true
100926,true
100927,true
100928,true
100929,true
100930,true
100931,false
100932,true
100933,true
100934,false
100935,false
100936,false
100937,true
100938,true
100939,false
100940,false
100941,true
100942,true
100943,true
100944,false
100945,false
100946,true
100947,true
100948,false
100949,false
100950,true
100951,false
100952,true
100953,false
100954,true
100955,true
100956,false
100957,false
100958,true
100959,true
100960,true
100961,false
100962,false
100963,true
100964,false
100965,true
100966,false
100967,true
100968,true
100969,true
100970,true
100971,true
100972,true
100973,false
100974,false
100975,true
100976,true
100977,false
100978,true
100979,true
100980,true
100981,true
100982,true
100983,true
100984,true
100985,true
100986,false
100987,true
100988,true
100989,false
100990,true
100991,false
100992,true
100993,false
100994,true
100995,true
100996,true
100997,false
100998,true
100999,true
101000,true
